n, comment, half_n, 2n
1, ofcourse, odd, 0.5, 2
2, 1.0, 4
3, very odd, 1.5, 6
4, 2.0, 8
5, yes, odd, 2.5, 10
6, 3.0, 12
7, certainly odd, 3.5, 14
8, 4.0, 16
9, odd, 4.5, 18
10, 5.0, 20
11, totally odd, 5.5, 22
12, 6.0, 24
13, yup, it's odd, 6.5, 26
14, 7.0, 28
15, totally odd, 7.5, 30
16, 8.0, 32
17, this is odd, 8.5, 34
18, 9.0, 36
19, very odd, 9.5, 38
20, 10.0, 40
21, totally not even, 10.5, 42
22, 11.0, 44
23, yup, it's odd, 11.5, 46
24, 12.0, 48
25, totally not even, 12.5, 50
26, 13.0, 52
27, certainly odd, 13.5, 54
28, 14.0, 56
29, yes, odd, 14.5, 58
30, 15.0, 60
31, odd, 15.5, 62
32, 16.0, 64
33, definately odd, 16.5, 66
34, 17.0, 68
35, ofcourse, odd, 17.5, 70
36, 18.0, 72
37, not even, 18.5, 74
38, 19.0, 76
39, certainly odd, 19.5, 78
40, 20.0, 80
41, odd, 20.5, 82
42, 21.0, 84
43, not even, 21.5, 86
44, 22.0, 88
45, totally not even, 22.5, 90
46, 23.0, 92
47, pretty sure it's odd, 23.5, 94
48, 24.0, 96
49, totally not even, 24.5, 98
50, 25.0, 100
51, very much odd, 25.5, 102
52, 26.0, 104
53, not even, 26.5, 106
54, 27.0, 108
55, it is, if I were to guess, odd, 27.5, 110
56, 28.0, 112
57, pretty sure it's odd, 28.5, 114
58, 29.0, 116
59, very odd, 29.5, 118
60, 30.0, 120
61, definately odd, 30.5, 122
62, 31.0, 124
63, ofcourse, odd, 31.5, 126
64, 32.0, 128
65, odd, 32.5, 130
66, 33.0, 132
67, totally not even, 33.5, 134
68, 34.0, 136
69, yup, it's odd, 34.5, 138
70, 35.0, 140
71, totally odd, 35.5, 142
72, 36.0, 144
73, this is odd, 36.5, 146
74, 37.0, 148
75, very odd, 37.5, 150
76, 38.0, 152
77, not even, 38.5, 154
78, 39.0, 156
79, definately odd, 39.5, 158
80, 40.0, 160
81, certainly odd, 40.5, 162
82, 41.0, 164
83, definately odd, 41.5, 166
84, 42.0, 168
85, yup, it's odd, 42.5, 170
86, 43.0, 172
87, odd, 43.5, 174
88, 44.0, 176
89, totally odd, 44.5, 178
90, 45.0, 180
91, definately odd, 45.5, 182
92, 46.0, 184
93, certainly odd, 46.5, 186
94, 47.0, 188
95, definately odd, 47.5, 190
96, 48.0, 192
97, pretty sure it's odd, 48.5, 194
98, 49.0, 196
99, very odd, 49.5, 198
100, 50.0, 200
101, very much odd, 50.5, 202
102, 51.0, 204
103, totally not even, 51.5, 206
104, 52.0, 208
105, this is odd, 52.5, 210
106, 53.0, 212
107, yes, odd, 53.5, 214
108, 54.0, 216
109, yes, odd, 54.5, 218
110, 55.0, 220
111, definately odd, 55.5, 222
112, 56.0, 224
113, pretty sure it's odd, 56.5, 226
114, 57.0, 228
115, certainly odd, 57.5, 230
116, 58.0, 232
117, yup, it's odd, 58.5, 234
118, 59.0, 236
119, totally odd, 59.5, 238
120, 60.0, 240
121, this is odd, 60.5, 242
122, 61.0, 244
123, ofcourse, odd, 61.5, 246
124, 62.0, 248
125, definately odd, 62.5, 250
126, 63.0, 252
127, yup, it's odd, 63.5, 254
128, 64.0, 256
129, very odd, 64.5, 258
130, 65.0, 260
131, ofcourse, odd, 65.5, 262
132, 66.0, 264
133, totally not even, 66.5, 266
134, 67.0, 268
135, pretty sure it's odd, 67.5, 270
136, 68.0, 272
137, ofcourse, odd, 68.5, 274
138, 69.0, 276
139, it is, if I were to guess, odd, 69.5, 278
140, 70.0, 280
141, not even, 70.5, 282
142, 71.0, 284
143, not even, 71.5, 286
144, 72.0, 288
145, yup, it's odd, 72.5, 290
146, 73.0, 292
147, totally not even, 73.5, 294
148, 74.0, 296
149, definately odd, 74.5, 298
150, 75.0, 300
151, odd, 75.5, 302
152, 76.0, 304
153, yes, odd, 76.5, 306
154, 77.0, 308
155, pretty sure it's odd, 77.5, 310
156, 78.0, 312
157, certainly odd, 78.5, 314
158, 79.0, 316
159, this is odd, 79.5, 318
160, 80.0, 320
161, pretty sure it's odd, 80.5, 322
162, 81.0, 324
163, it is, if I were to guess, odd, 81.5, 326
164, 82.0, 328
165, totally odd, 82.5, 330
166, 83.0, 332
167, very odd, 83.5, 334
168, 84.0, 336
169, totally odd, 84.5, 338
170, 85.0, 340
171, certainly odd, 85.5, 342
172, 86.0, 344
173, not even, 86.5, 346
174, 87.0, 348
175, totally not even, 87.5, 350
176, 88.0, 352
177, definately odd, 88.5, 354
178, 89.0, 356
179, pretty sure it's odd, 89.5, 358
180, 90.0, 360
181, ofcourse, odd, 90.5, 362
182, 91.0, 364
183, odd, 91.5, 366
184, 92.0, 368
185, this is odd, 92.5, 370
186, 93.0, 372
187, very odd, 93.5, 374
188, 94.0, 376
189, odd, 94.5, 378
190, 95.0, 380
191, ofcourse, odd, 95.5, 382
192, 96.0, 384
193, it is, if I were to guess, odd, 96.5, 386
194, 97.0, 388
195, this is odd, 97.5, 390
196, 98.0, 392
197, yup, it's odd, 98.5, 394
198, 99.0, 396
199, very much odd, 99.5, 398
200, 100.0, 400
201, definately odd, 100.5, 402
202, 101.0, 404
203, very much odd, 101.5, 406
204, 102.0, 408
205, not even, 102.5, 410
206, 103.0, 412
207, totally odd, 103.5, 414
208, 104.0, 416
209, definately odd, 104.5, 418
210, 105.0, 420
211, this is odd, 105.5, 422
212, 106.0, 424
213, yes, odd, 106.5, 426
214, 107.0, 428
215, it is, if I were to guess, odd, 107.5, 430
216, 108.0, 432
217, this is odd, 108.5, 434
218, 109.0, 436
219, very much odd, 109.5, 438
220, 110.0, 440
221, very odd, 110.5, 442
222, 111.0, 444
223, pretty sure it's odd, 111.5, 446
224, 112.0, 448
225, yup, it's odd, 112.5, 450
226, 113.0, 452
227, totally not even, 113.5, 454
228, 114.0, 456
229, pretty sure it's odd, 114.5, 458
230, 115.0, 460
231, this is odd, 115.5, 462
232, 116.0, 464
233, ofcourse, odd, 116.5, 466
234, 117.0, 468
235, ofcourse, odd, 117.5, 470
236, 118.0, 472
237, yup, it's odd, 118.5, 474
238, 119.0, 476
239, yup, it's odd, 119.5, 478
240, 120.0, 480
241, very much odd, 120.5, 482
242, 121.0, 484
243, not even, 121.5, 486
244, 122.0, 488
245, totally odd, 122.5, 490
246, 123.0, 492
247, very much odd, 123.5, 494
248, 124.0, 496
249, definately odd, 124.5, 498
250, 125.0, 500
251, this is odd, 125.5, 502
252, 126.0, 504
253, certainly odd, 126.5, 506
254, 127.0, 508
255, very much odd, 127.5, 510
256, 128.0, 512
257, odd, 128.5, 514
258, 129.0, 516
259, odd, 129.5, 518
260, 130.0, 520
261, pretty sure it's odd, 130.5, 522
262, 131.0, 524
263, ofcourse, odd, 131.5, 526
264, 132.0, 528
265, totally not even, 132.5, 530
266, 133.0, 532
267, totally odd, 133.5, 534
268, 134.0, 536
269, this is odd, 134.5, 538
270, 135.0, 540
271, yes, odd, 135.5, 542
272, 136.0, 544
273, certainly odd, 136.5, 546
274, 137.0, 548
275, totally not even, 137.5, 550
276, 138.0, 552
277, very odd, 138.5, 554
278, 139.0, 556
279, ofcourse, odd, 139.5, 558
280, 140.0, 560
281, yes, odd, 140.5, 562
282, 141.0, 564
283, totally odd, 141.5, 566
284, 142.0, 568
285, not even, 142.5, 570
286, 143.0, 572
287, definately odd, 143.5, 574
288, 144.0, 576
289, ofcourse, odd, 144.5, 578
290, 145.0, 580
291, definately odd, 145.5, 582
292, 146.0, 584
293, odd, 146.5, 586
294, 147.0, 588
295, totally odd, 147.5, 590
296, 148.0, 592
297, ofcourse, odd, 148.5, 594
298, 149.0, 596
299, yup, it's odd, 149.5, 598
300, 150.0, 600
301, totally not even, 150.5, 602
302, 151.0, 604
303, very odd, 151.5, 606
304, 152.0, 608
305, not even, 152.5, 610
306, 153.0, 612
307, not even, 153.5, 614
308, 154.0, 616
309, ofcourse, odd, 154.5, 618
310, 155.0, 620
311, yes, odd, 155.5, 622
312, 156.0, 624
313, yup, it's odd, 156.5, 626
314, 157.0, 628
315, very much odd, 157.5, 630
316, 158.0, 632
317, it is, if I were to guess, odd, 158.5, 634
318, 159.0, 636
319, yup, it's odd, 159.5, 638
320, 160.0, 640
321, this is odd, 160.5, 642
322, 161.0, 644
323, yes, odd, 161.5, 646
324, 162.0, 648
325, totally odd, 162.5, 650
326, 163.0, 652
327, odd, 163.5, 654
328, 164.0, 656
329, not even, 164.5, 658
330, 165.0, 660
331, definately odd, 165.5, 662
332, 166.0, 664
333, ofcourse, odd, 166.5, 666
334, 167.0, 668
335, odd, 167.5, 670
336, 168.0, 672
337, it is, if I were to guess, odd, 168.5, 674
338, 169.0, 676
339, certainly odd, 169.5, 678
340, 170.0, 680
341, odd, 170.5, 682
342, 171.0, 684
343, totally not even, 171.5, 686
344, 172.0, 688
345, yes, odd, 172.5, 690
346, 173.0, 692
347, ofcourse, odd, 173.5, 694
348, 174.0, 696
349, ofcourse, odd, 174.5, 698
350, 175.0, 700
351, totally not even, 175.5, 702
352, 176.0, 704
353, very much odd, 176.5, 706
354, 177.0, 708
355, odd, 177.5, 710
356, 178.0, 712
357, odd, 178.5, 714
358, 179.0, 716
359, it is, if I were to guess, odd, 179.5, 718
360, 180.0, 720
361, totally not even, 180.5, 722
362, 181.0, 724
363, definately odd, 181.5, 726
364, 182.0, 728
365, ofcourse, odd, 182.5, 730
366, 183.0, 732
367, pretty sure it's odd, 183.5, 734
368, 184.0, 736
369, ofcourse, odd, 184.5, 738
370, 185.0, 740
371, definately odd, 185.5, 742
372, 186.0, 744
373, totally odd, 186.5, 746
374, 187.0, 748
375, yup, it's odd, 187.5, 750
376, 188.0, 752
377, very odd, 188.5, 754
378, 189.0, 756
379, totally not even, 189.5, 758
380, 190.0, 760
381, certainly odd, 190.5, 762
382, 191.0, 764
383, very much odd, 191.5, 766
384, 192.0, 768
385, it is, if I were to guess, odd, 192.5, 770
386, 193.0, 772
387, this is odd, 193.5, 774
388, 194.0, 776
389, yes, odd, 194.5, 778
390, 195.0, 780
391, pretty sure it's odd, 195.5, 782
392, 196.0, 784
393, yes, odd, 196.5, 786
394, 197.0, 788
395, it is, if I were to guess, odd, 197.5, 790
396, 198.0, 792
397, totally not even, 198.5, 794
398, 199.0, 796
399, very odd, 199.5, 798
400, 200.0, 800
401, yup, it's odd, 200.5, 802
402, 201.0, 804
403, totally not even, 201.5, 806
404, 202.0, 808
405, not even, 202.5, 810
406, 203.0, 812
407, odd, 203.5, 814
408, 204.0, 816
409, very much odd, 204.5, 818
410, 205.0, 820
411, pretty sure it's odd, 205.5, 822
412, 206.0, 824
413, certainly odd, 206.5, 826
414, 207.0, 828
415, yes, odd, 207.5, 830
416, 208.0, 832
417, very odd, 208.5, 834
418, 209.0, 836
419, totally not even, 209.5, 838
420, 210.0, 840
421, not even, 210.5, 842
422, 211.0, 844
423, certainly odd, 211.5, 846
424, 212.0, 848
425, totally not even, 212.5, 850
426, 213.0, 852
427, ofcourse, odd, 213.5, 854
428, 214.0, 856
429, yes, odd, 214.5, 858
430, 215.0, 860
431, very odd, 215.5, 862
432, 216.0, 864
433, not even, 216.5, 866
434, 217.0, 868
435, pretty sure it's odd, 217.5, 870
436, 218.0, 872
437, certainly odd, 218.5, 874
438, 219.0, 876
439, pretty sure it's odd, 219.5, 878
440, 220.0, 880
441, certainly odd, 220.5, 882
442, 221.0, 884
443, very odd, 221.5, 886
444, 222.0, 888
445, this is odd, 222.5, 890
446, 223.0, 892
447, very odd, 223.5, 894
448, 224.0, 896
449, not even, 224.5, 898
450, 225.0, 900
451, yup, it's odd, 225.5, 902
452, 226.0, 904
453, odd, 226.5, 906
454, 227.0, 908
455, this is odd, 227.5, 910
456, 228.0, 912
457, totally odd, 228.5, 914
458, 229.0, 916
459, ofcourse, odd, 229.5, 918
460, 230.0, 920
461, not even, 230.5, 922
462, 231.0, 924
463, certainly odd, 231.5, 926
464, 232.0, 928
465, certainly odd, 232.5, 930
466, 233.0, 932
467, definately odd, 233.5, 934
468, 234.0, 936
469, odd, 234.5, 938
470, 235.0, 940
471, certainly odd, 235.5, 942
472, 236.0, 944
473, very much odd, 236.5, 946
474, 237.0, 948
475, very much odd, 237.5, 950
476, 238.0, 952
477, pretty sure it's odd, 238.5, 954
478, 239.0, 956
479, odd, 239.5, 958
480, 240.0, 960
481, pretty sure it's odd, 240.5, 962
482, 241.0, 964
483, definately odd, 241.5, 966
484, 242.0, 968
485, pretty sure it's odd, 242.5, 970
486, 243.0, 972
487, totally odd, 243.5, 974
488, 244.0, 976
489, definately odd, 244.5, 978
490, 245.0, 980
491, totally not even, 245.5, 982
492, 246.0, 984
493, pretty sure it's odd, 246.5, 986
494, 247.0, 988
495, odd, 247.5, 990
496, 248.0, 992
497, odd, 248.5, 994
498, 249.0, 996
499, ofcourse, odd, 249.5, 998
500, 250.0, 1000
501, very odd, 250.5, 1002
502, 251.0, 1004
503, definately odd, 251.5, 1006
504, 252.0, 1008
505, yes, odd, 252.5, 1010
506, 253.0, 1012
507, very much odd, 253.5, 1014
508, 254.0, 1016
509, totally odd, 254.5, 1018
510, 255.0, 1020
511, odd, 255.5, 1022
512, 256.0, 1024
513, odd, 256.5, 1026
514, 257.0, 1028
515, ofcourse, odd, 257.5, 1030
516, 258.0, 1032
517, this is odd, 258.5, 1034
518, 259.0, 1036
519, yup, it's odd, 259.5, 1038
520, 260.0, 1040
521, ofcourse, odd, 260.5, 1042
522, 261.0, 1044
523, not even, 261.5, 1046
524, 262.0, 1048
525, pretty sure it's odd, 262.5, 1050
526, 263.0, 1052
527, very odd, 263.5, 1054
528, 264.0, 1056
529, totally odd, 264.5, 1058
530, 265.0, 1060
531, totally not even, 265.5, 1062
532, 266.0, 1064
533, certainly odd, 266.5, 1066
534, 267.0, 1068
535, not even, 267.5, 1070
536, 268.0, 1072
537, totally odd, 268.5, 1074
538, 269.0, 1076
539, totally odd, 269.5, 1078
540, 270.0, 1080
541, it is, if I were to guess, odd, 270.5, 1082
542, 271.0, 1084
543, pretty sure it's odd, 271.5, 1086
544, 272.0, 1088
545, very odd, 272.5, 1090
546, 273.0, 1092
547, certainly odd, 273.5, 1094
548, 274.0, 1096
549, very much odd, 274.5, 1098
550, 275.0, 1100
551, it is, if I were to guess, odd, 275.5, 1102
552, 276.0, 1104
553, definately odd, 276.5, 1106
554, 277.0, 1108
555, pretty sure it's odd, 277.5, 1110
556, 278.0, 1112
557, very much odd, 278.5, 1114
558, 279.0, 1116
559, very odd, 279.5, 1118
560, 280.0, 1120
561, it is, if I were to guess, odd, 280.5, 1122
562, 281.0, 1124
563, odd, 281.5, 1126
564, 282.0, 1128
565, ofcourse, odd, 282.5, 1130
566, 283.0, 1132
567, yup, it's odd, 283.5, 1134
568, 284.0, 1136
569, odd, 284.5, 1138
570, 285.0, 1140
571, not even, 285.5, 1142
572, 286.0, 1144
573, not even, 286.5, 1146
574, 287.0, 1148
575, pretty sure it's odd, 287.5, 1150
576, 288.0, 1152
577, ofcourse, odd, 288.5, 1154
578, 289.0, 1156
579, totally odd, 289.5, 1158
580, 290.0, 1160
581, certainly odd, 290.5, 1162
582, 291.0, 1164
583, this is odd, 291.5, 1166
584, 292.0, 1168
585, pretty sure it's odd, 292.5, 1170
586, 293.0, 1172
587, very much odd, 293.5, 1174
588, 294.0, 1176
589, definately odd, 294.5, 1178
590, 295.0, 1180
591, definately odd, 295.5, 1182
592, 296.0, 1184
593, very much odd, 296.5, 1186
594, 297.0, 1188
595, pretty sure it's odd, 297.5, 1190
596, 298.0, 1192
597, certainly odd, 298.5, 1194
598, 299.0, 1196
599, ofcourse, odd, 299.5, 1198
600, 300.0, 1200
601, this is odd, 300.5, 1202
602, 301.0, 1204
603, this is odd, 301.5, 1206
604, 302.0, 1208
605, ofcourse, odd, 302.5, 1210
606, 303.0, 1212
607, odd, 303.5, 1214
608, 304.0, 1216
609, this is odd, 304.5, 1218
610, 305.0, 1220
611, totally odd, 305.5, 1222
612, 306.0, 1224
613, ofcourse, odd, 306.5, 1226
614, 307.0, 1228
615, pretty sure it's odd, 307.5, 1230
616, 308.0, 1232
617, ofcourse, odd, 308.5, 1234
618, 309.0, 1236
619, pretty sure it's odd, 309.5, 1238
620, 310.0, 1240
621, certainly odd, 310.5, 1242
622, 311.0, 1244
623, very much odd, 311.5, 1246
624, 312.0, 1248
625, yup, it's odd, 312.5, 1250
626, 313.0, 1252
627, totally not even, 313.5, 1254
628, 314.0, 1256
629, ofcourse, odd, 314.5, 1258
630, 315.0, 1260
631, pretty sure it's odd, 315.5, 1262
632, 316.0, 1264
633, pretty sure it's odd, 316.5, 1266
634, 317.0, 1268
635, pretty sure it's odd, 317.5, 1270
636, 318.0, 1272
637, this is odd, 318.5, 1274
638, 319.0, 1276
639, ofcourse, odd, 319.5, 1278
640, 320.0, 1280
641, yup, it's odd, 320.5, 1282
642, 321.0, 1284
643, certainly odd, 321.5, 1286
644, 322.0, 1288
645, definately odd, 322.5, 1290
646, 323.0, 1292
647, totally not even, 323.5, 1294
648, 324.0, 1296
649, very much odd, 324.5, 1298
650, 325.0, 1300
651, yes, odd, 325.5, 1302
652, 326.0, 1304
653, totally not even, 326.5, 1306
654, 327.0, 1308
655, it is, if I were to guess, odd, 327.5, 1310
656, 328.0, 1312
657, very much odd, 328.5, 1314
658, 329.0, 1316
659, yup, it's odd, 329.5, 1318
660, 330.0, 1320
661, very much odd, 330.5, 1322
662, 331.0, 1324
663, odd, 331.5, 1326
664, 332.0, 1328
665, very much odd, 332.5, 1330
666, 333.0, 1332
667, not even, 333.5, 1334
668, 334.0, 1336
669, definately odd, 334.5, 1338
670, 335.0, 1340
671, pretty sure it's odd, 335.5, 1342
672, 336.0, 1344
673, very much odd, 336.5, 1346
674, 337.0, 1348
675, it is, if I were to guess, odd, 337.5, 1350
676, 338.0, 1352
677, it is, if I were to guess, odd, 338.5, 1354
678, 339.0, 1356
679, not even, 339.5, 1358
680, 340.0, 1360
681, very much odd, 340.5, 1362
682, 341.0, 1364
683, very much odd, 341.5, 1366
684, 342.0, 1368
685, it is, if I were to guess, odd, 342.5, 1370
686, 343.0, 1372
687, totally odd, 343.5, 1374
688, 344.0, 1376
689, certainly odd, 344.5, 1378
690, 345.0, 1380
691, totally odd, 345.5, 1382
692, 346.0, 1384
693, it is, if I were to guess, odd, 346.5, 1386
694, 347.0, 1388
695, pretty sure it's odd, 347.5, 1390
696, 348.0, 1392
697, yup, it's odd, 348.5, 1394
698, 349.0, 1396
699, certainly odd, 349.5, 1398
700, 350.0, 1400
701, this is odd, 350.5, 1402
702, 351.0, 1404
703, very odd, 351.5, 1406
704, 352.0, 1408
705, certainly odd, 352.5, 1410
706, 353.0, 1412
707, very odd, 353.5, 1414
708, 354.0, 1416
709, definately odd, 354.5, 1418
710, 355.0, 1420
711, not even, 355.5, 1422
712, 356.0, 1424
713, odd, 356.5, 1426
714, 357.0, 1428
715, totally odd, 357.5, 1430
716, 358.0, 1432
717, yup, it's odd, 358.5, 1434
718, 359.0, 1436
719, ofcourse, odd, 359.5, 1438
720, 360.0, 1440
721, this is odd, 360.5, 1442
722, 361.0, 1444
723, totally not even, 361.5, 1446
724, 362.0, 1448
725, ofcourse, odd, 362.5, 1450
726, 363.0, 1452
727, this is odd, 363.5, 1454
728, 364.0, 1456
729, totally odd, 364.5, 1458
730, 365.0, 1460
731, not even, 365.5, 1462
732, 366.0, 1464
733, very odd, 366.5, 1466
734, 367.0, 1468
735, definately odd, 367.5, 1470
736, 368.0, 1472
737, very odd, 368.5, 1474
738, 369.0, 1476
739, certainly odd, 369.5, 1478
740, 370.0, 1480
741, very much odd, 370.5, 1482
742, 371.0, 1484
743, not even, 371.5, 1486
744, 372.0, 1488
745, yes, odd, 372.5, 1490
746, 373.0, 1492
747, pretty sure it's odd, 373.5, 1494
748, 374.0, 1496
749, certainly odd, 374.5, 1498
750, 375.0, 1500
751, not even, 375.5, 1502
752, 376.0, 1504
753, totally not even, 376.5, 1506
754, 377.0, 1508
755, definately odd, 377.5, 1510
756, 378.0, 1512
757, yup, it's odd, 378.5, 1514
758, 379.0, 1516
759, this is odd, 379.5, 1518
760, 380.0, 1520
761, it is, if I were to guess, odd, 380.5, 1522
762, 381.0, 1524
763, this is odd, 381.5, 1526
764, 382.0, 1528
765, totally odd, 382.5, 1530
766, 383.0, 1532
767, yes, odd, 383.5, 1534
768, 384.0, 1536
769, definately odd, 384.5, 1538
770, 385.0, 1540
771, yup, it's odd, 385.5, 1542
772, 386.0, 1544
773, ofcourse, odd, 386.5, 1546
774, 387.0, 1548
775, yes, odd, 387.5, 1550
776, 388.0, 1552
777, very odd, 388.5, 1554
778, 389.0, 1556
779, pretty sure it's odd, 389.5, 1558
780, 390.0, 1560
781, very odd, 390.5, 1562
782, 391.0, 1564
783, it is, if I were to guess, odd, 391.5, 1566
784, 392.0, 1568
785, yes, odd, 392.5, 1570
786, 393.0, 1572
787, pretty sure it's odd, 393.5, 1574
788, 394.0, 1576
789, this is odd, 394.5, 1578
790, 395.0, 1580
791, very odd, 395.5, 1582
792, 396.0, 1584
793, yup, it's odd, 396.5, 1586
794, 397.0, 1588
795, not even, 397.5, 1590
796, 398.0, 1592
797, pretty sure it's odd, 398.5, 1594
798, 399.0, 1596
799, odd, 399.5, 1598
800, 400.0, 1600
801, this is odd, 400.5, 1602
802, 401.0, 1604
803, ofcourse, odd, 401.5, 1606
804, 402.0, 1608
805, definately odd, 402.5, 1610
806, 403.0, 1612
807, definately odd, 403.5, 1614
808, 404.0, 1616
809, not even, 404.5, 1618
810, 405.0, 1620
811, yup, it's odd, 405.5, 1622
812, 406.0, 1624
813, definately odd, 406.5, 1626
814, 407.0, 1628
815, pretty sure it's odd, 407.5, 1630
816, 408.0, 1632
817, totally odd, 408.5, 1634
818, 409.0, 1636
819, ofcourse, odd, 409.5, 1638
820, 410.0, 1640
821, not even, 410.5, 1642
822, 411.0, 1644
823, this is odd, 411.5, 1646
824, 412.0, 1648
825, very much odd, 412.5, 1650
826, 413.0, 1652
827, ofcourse, odd, 413.5, 1654
828, 414.0, 1656
829, odd, 414.5, 1658
830, 415.0, 1660
831, it is, if I were to guess, odd, 415.5, 1662
832, 416.0, 1664
833, ofcourse, odd, 416.5, 1666
834, 417.0, 1668
835, odd, 417.5, 1670
836, 418.0, 1672
837, odd, 418.5, 1674
838, 419.0, 1676
839, certainly odd, 419.5, 1678
840, 420.0, 1680
841, pretty sure it's odd, 420.5, 1682
842, 421.0, 1684
843, certainly odd, 421.5, 1686
844, 422.0, 1688
845, ofcourse, odd, 422.5, 1690
846, 423.0, 1692
847, yup, it's odd, 423.5, 1694
848, 424.0, 1696
849, certainly odd, 424.5, 1698
850, 425.0, 1700
851, totally odd, 425.5, 1702
852, 426.0, 1704
853, totally odd, 426.5, 1706
854, 427.0, 1708
855, this is odd, 427.5, 1710
856, 428.0, 1712
857, this is odd, 428.5, 1714
858, 429.0, 1716
859, very odd, 429.5, 1718
860, 430.0, 1720
861, definately odd, 430.5, 1722
862, 431.0, 1724
863, certainly odd, 431.5, 1726
864, 432.0, 1728
865, ofcourse, odd, 432.5, 1730
866, 433.0, 1732
867, certainly odd, 433.5, 1734
868, 434.0, 1736
869, pretty sure it's odd, 434.5, 1738
870, 435.0, 1740
871, yes, odd, 435.5, 1742
872, 436.0, 1744
873, yes, odd, 436.5, 1746
874, 437.0, 1748
875, definately odd, 437.5, 1750
876, 438.0, 1752
877, yes, odd, 438.5, 1754
878, 439.0, 1756
879, totally odd, 439.5, 1758
880, 440.0, 1760
881, odd, 440.5, 1762
882, 441.0, 1764
883, yup, it's odd, 441.5, 1766
884, 442.0, 1768
885, pretty sure it's odd, 442.5, 1770
886, 443.0, 1772
887, it is, if I were to guess, odd, 443.5, 1774
888, 444.0, 1776
889, totally odd, 444.5, 1778
890, 445.0, 1780
891, ofcourse, odd, 445.5, 1782
892, 446.0, 1784
893, odd, 446.5, 1786
894, 447.0, 1788
895, totally odd, 447.5, 1790
896, 448.0, 1792
897, totally odd, 448.5, 1794
898, 449.0, 1796
899, this is odd, 449.5, 1798
900, 450.0, 1800
901, it is, if I were to guess, odd, 450.5, 1802
902, 451.0, 1804
903, this is odd, 451.5, 1806
904, 452.0, 1808
905, certainly odd, 452.5, 1810
906, 453.0, 1812
907, yes, odd, 453.5, 1814
908, 454.0, 1816
909, yup, it's odd, 454.5, 1818
910, 455.0, 1820
911, it is, if I were to guess, odd, 455.5, 1822
912, 456.0, 1824
913, it is, if I were to guess, odd, 456.5, 1826
914, 457.0, 1828
915, yes, odd, 457.5, 1830
916, 458.0, 1832
917, yup, it's odd, 458.5, 1834
918, 459.0, 1836
919, totally odd, 459.5, 1838
920, 460.0, 1840
921, not even, 460.5, 1842
922, 461.0, 1844
923, pretty sure it's odd, 461.5, 1846
924, 462.0, 1848
925, this is odd, 462.5, 1850
926, 463.0, 1852
927, yup, it's odd, 463.5, 1854
928, 464.0, 1856
929, very much odd, 464.5, 1858
930, 465.0, 1860
931, yup, it's odd, 465.5, 1862
932, 466.0, 1864
933, yes, odd, 466.5, 1866
934, 467.0, 1868
935, ofcourse, odd, 467.5, 1870
936, 468.0, 1872
937, very much odd, 468.5, 1874
938, 469.0, 1876
939, totally not even, 469.5, 1878
940, 470.0, 1880
941, pretty sure it's odd, 470.5, 1882
942, 471.0, 1884
943, pretty sure it's odd, 471.5, 1886
944, 472.0, 1888
945, yes, odd, 472.5, 1890
946, 473.0, 1892
947, yup, it's odd, 473.5, 1894
948, 474.0, 1896
949, pretty sure it's odd, 474.5, 1898
950, 475.0, 1900
951, very odd, 475.5, 1902
952, 476.0, 1904
953, odd, 476.5, 1906
954, 477.0, 1908
955, odd, 477.5, 1910
956, 478.0, 1912
957, yup, it's odd, 478.5, 1914
958, 479.0, 1916
959, odd, 479.5, 1918
960, 480.0, 1920
961, very much odd, 480.5, 1922
962, 481.0, 1924
963, very much odd, 481.5, 1926
964, 482.0, 1928
965, odd, 482.5, 1930
966, 483.0, 1932
967, very much odd, 483.5, 1934
968, 484.0, 1936
969, definately odd, 484.5, 1938
970, 485.0, 1940
971, not even, 485.5, 1942
972, 486.0, 1944
973, definately odd, 486.5, 1946
974, 487.0, 1948
975, it is, if I were to guess, odd, 487.5, 1950
976, 488.0, 1952
977, this is odd, 488.5, 1954
978, 489.0, 1956
979, yup, it's odd, 489.5, 1958
980, 490.0, 1960
981, totally odd, 490.5, 1962
982, 491.0, 1964
983, very odd, 491.5, 1966
984, 492.0, 1968
985, ofcourse, odd, 492.5, 1970
986, 493.0, 1972
987, totally not even, 493.5, 1974
988, 494.0, 1976
989, yup, it's odd, 494.5, 1978
990, 495.0, 1980
991, pretty sure it's odd, 495.5, 1982
992, 496.0, 1984
993, it is, if I were to guess, odd, 496.5, 1986
994, 497.0, 1988
995, totally odd, 497.5, 1990
996, 498.0, 1992
997, certainly odd, 498.5, 1994
998, 499.0, 1996
999, totally odd, 499.5, 1998
1000, 500.0, 2000
